event-id,visible,timestamp,location-long,location-lat,bar:barometric-pressure,external-temperature,gps:dop,gps:satellite-count,gps-time-to-fix,ground-speed,heading,height-above-msl,location-error-numerical,manually-marked-outlier,vertical-error-numerical,sensor-type,individual-taxon-canonical-name,tag-local-identifier,individual-local-identifier,study-name
14256075762,true,2018-05-25 16:11:37.000,4.2510295,51.3202401,,32.5,2.0,8,7.8,0.252182245339104,333.3465796550862,0.0,6.0,false,11.7,"gps","Haematopus ostralegus","5622","L918403","O_WESTERSCHELDE - Eurasian oystercatchers (Haematopus ostralegus, Haematopodidae) breeding in East Flanders (Belgium)"
14256075763,true,2018-05-25 16:16:41.000,4.2510671,51.3202425,,32.8,2.1,8,7.9,0.110778067102554,39.9697669775921,-12.0,5.2,false,10.3,"gps","Haematopus ostralegus","5622","L918403","O_WESTERSCHELDE - Eurasian oystercatchers (Haematopus ostralegus, Haematopodidae) breeding in East Flanders (Belgium)"
14256075764,true,2018-05-25 16:21:29.000,4.2510781,51.3202244,,34.1,2.1,8,7.9,0.190170375034929,83.4899320128956,-8.0,6.3,false,8.2,"gps","Haematopus ostralegus","5622","L918403","O_WESTERSCHELDE - Eurasian oystercatchers (Haematopus ostralegus, Haematopodidae) breeding in East Flanders (Belgium)"
14256075765,true,2018-05-25 16:26:28.000,4.2510979,51.3202538,,34.5,2.2,8,7.0,0.195057420553404,83.3067245636013,-8.0,6.1,false,7.1,"gps","Haematopus ostralegus","5622","L918403","O_WESTERSCHELDE - Eurasian oystercatchers (Haematopus ostralegus, Haematopodidae) breeding in East Flanders (Belgium)"
14256075766,true,2018-05-25 16:31:21.000,4.2508918,51.3201973,,34.1,2.2,8,8.0,0.194601545159168,223.966172260008,-7.0,3.4,false,5.4,"gps","Haematopus ostralegus","5622","L918403","O_WESTERSCHELDE - Eurasian oystercatchers (Haematopus ostralegus, Haematopodidae) breeding in East Flanders (Belgium)"
14256075767,true,2018-05-25 16:36:09.000,4.2492996,51.3203473,,32.5,2.2,8,8.0,0.176840441133622,65.6929946315414,-6.0,4.3,false,7.6,"gps","Haematopus ostralegus","5622","L918403","O_WESTERSCHELDE - Eurasian oystercatchers (Haematopus ostralegus, Haematopodidae) breeding in East Flanders (Belgium)"
14256075768,true,2018-05-25 16:40:57.000,4.2490437,51.3204271,,32.1,2.2,8,8.1,2.04033967770917,144.526876898946,20.0,13.4,false,23.9,"gps","Haematopus ostralegus","5622","L918403","O_WESTERSCHELDE - Eurasian oystercatchers (Haematopus ostralegus, Haematopodidae) breeding in East Flanders (Belgium)"
14256075769,true,2018-05-25 16:45:55.000,4.2492021,51.3204477,,33.3,2.1,8,18.1,0.0750574394048644,118.720952519595,0.0,12.9,false,20.6,"gps","Haematopus ostralegus","5622","L918403","O_WESTERSCHELDE - Eurasian oystercatchers (Haematopus ostralegus, Haematopodidae) breeding in East Flanders (Belgium)"
14256075770,true,2018-05-25 16:50:49.000,4.2507038,51.3206014,,32.6,2.1,8,8.1,9.86905520306352,61.494432104847,-8.0,5.5,false,7.2,"gps","Haematopus ostralegus","5622","L918403","O_WESTERSCHELDE - Eurasian oystercatchers (Haematopus ostralegus, Haematopodidae) breeding in East Flanders (Belgium)"
14256075771,true,2018-05-25 16:55:36.000,4.2512863,51.3204661,,31.7,2.0,8,7.0,0.281075122026673,103.677525753859,-8.0,3.2,false,4.9,"gps","Haematopus ostralegus","5622","L918403","O_WESTERSCHELDE - Eurasian oystercatchers (Haematopus ostralegus, Haematopodidae) breeding in East Flanders (Belgium)"
14256075772,true,2018-05-25 17:00:26.000,4.2497742,51.3235733,,23.7,1.9,8,9.1,0.136562786730386,166.533743639372,4.0,6.9,false,10.3,"gps","Haematopus ostralegus","5622","L918403","O_WESTERSCHELDE - Eurasian oystercatchers (Haematopus ostralegus, Haematopodidae) breeding in East Flanders (Belgium)"
14256075773,true,2018-05-25 17:05:12.000,4.2497167,51.3235994,,24.8,1.9,8,7.2,0.092763591532829,33.152426096153,2.0,3.2,false,5.2,"gps","Haematopus ostralegus","5622","L918403","O_WESTERSCHELDE - Eurasian oystercatchers (Haematopus ostralegus, Haematopodidae) breeding in East Flanders (Belgium)"
14256075774,true,2018-05-25 17:10:01.000,4.2512278,51.3204136,,26.5,1.8,8,8.2,0.254796038945767,161.560856938259,-6.0,3.5,false,5.3,"gps","Haematopus ostralegus","5622","L918403","O_WESTERSCHELDE - Eurasian oystercatchers (Haematopus ostralegus, Haematopodidae) breeding in East Flanders (Belgium)"
14256075775,true,2018-05-25 17:14:49.000,4.2489772,51.3208854,,27.6,1.7,8,8.2,0.0381575060938078,87.7078825783362,-6.0,3.2,false,4.4,"gps","Haematopus ostralegus","5622","L918403","O_WESTERSCHELDE - Eurasian oystercatchers (Haematopus ostralegus, Haematopodidae) breeding in East Flanders (Belgium)"
14256075776,true,2018-05-25 17:19:37.000,4.2490423,51.320671,,28.3,1.7,8,8.3,0.14840503522551,37.7976339027628,-4.0,3.6,false,4.9,"gps","Haematopus ostralegus","5622","L918403","O_WESTERSCHELDE - Eurasian oystercatchers (Haematopus ostralegus, Haematopodidae) breeding in East Flanders (Belgium)"
14256075777,true,2018-05-25 17:24:24.000,4.2490651,51.3206478,,28.6,1.6,8,7.3,0.0706579681546231,51.254978863973,-3.0,3.8,false,5.1,"gps","Haematopus ostralegus","5622","L918403","O_WESTERSCHELDE - Eurasian oystercatchers (Haematopus ostralegus, Haematopodidae) breeding in East Flanders (Belgium)"
14256075778,true,2018-05-25 17:29:13.000,4.2490623,51.3206276,,28.7,1.5,8,8.3,0.155355206463137,153.884076048497,-4.0,3.5,false,4.9,"gps","Haematopus ostralegus","5622","L918403","O_WESTERSCHELDE - Eurasian oystercatchers (Haematopus ostralegus, Haematopodidae) breeding in East Flanders (Belgium)"
14256075779,true,2018-05-25 17:34:00.000,4.2509397,51.3204573,,28.8,1.5,8,7.4,0.311889023390683,158.012298183962,-7.0,5.1,false,5.0,"gps","Haematopus ostralegus","5622","L918403","O_WESTERSCHELDE - Eurasian oystercatchers (Haematopus ostralegus, Haematopodidae) breeding in East Flanders (Belgium)"
14256075780,true,2018-05-25 17:38:48.000,4.2516471,51.3203603,,28.8,1.5,8,7.4,0.255276539762164,67.0299765333446,-3.0,5.7,false,5.4,"gps","Haematopus ostralegus","5622","L918403","O_WESTERSCHELDE - Eurasian oystercatchers (Haematopus ostralegus, Haematopodidae) breeding in East Flanders (Belgium)"
14256075781,true,2018-05-25 17:43:37.000,4.251589,51.3204259,,28.8,1.4,8,8.4,0.12155323428241,111.005025939811,-3.0,5.6,false,4.6,"gps","Haematopus ostralegus","5622","L918403","O_WESTERSCHELDE - Eurasian oystercatchers (Haematopus ostralegus, Haematopodidae) breeding in East Flanders (Belgium)"
14256075782,true,2018-05-25 17:48:24.000,4.251513,51.3203981,,28.6,1.6,7,7.5,0.19541108147178,138.409735558909,-4.0,5.7,false,5.1,"gps","Haematopus ostralegus","5622","L918403","O_WESTERSCHELDE - Eurasian oystercatchers (Haematopus ostralegus, Haematopodidae) breeding in East Flanders (Belgium)"
14256075783,true,2018-05-25 17:53:12.000,4.2512121,51.320342,,28.7,1.6,7,7.5,0.72751614319763,270.0541515061901,-2.0,4.5,false,4.7,"gps","Haematopus ostralegus","5622","L918403","O_WESTERSCHELDE - Eurasian oystercatchers (Haematopus ostralegus, Haematopodidae) breeding in East Flanders (Belgium)"
14256075784,true,2018-05-25 17:58:16.000,4.2510871,51.3202353,,27.7,1.5,7,7.5,0.39594601236058,289.0027863802764,1.0,5.5,false,6.0,"gps","Haematopus ostralegus","5622","L918403","O_WESTERSCHELDE - Eurasian oystercatchers (Haematopus ostralegus, Haematopodidae) breeding in East Flanders (Belgium)"
14256075785,true,2018-05-25 18:03:04.000,4.2511205,51.3202047,,27.6,1.5,7,7.6,0.485722302558776,285.1217206934855,2.0,5.8,false,6.5,"gps","Haematopus ostralegus","5622","L918403","O_WESTERSCHELDE - Eurasian oystercatchers (Haematopus ostralegus, Haematopodidae) breeding in East Flanders (Belgium)"
14256075786,true,2018-05-25 18:07:54.000,4.2510706,51.3202001,,27.5,1.5,7,7.1,0.405107262809142,277.4079903555011,-4.0,7.4,false,9.7,"gps","Haematopus ostralegus","5622","L918403","O_WESTERSCHELDE - Eurasian oystercatchers (Haematopus ostralegus, Haematopodidae) breeding in East Flanders (Belgium)"
14256075787,true,2018-05-25 18:12:41.000,4.2510818,51.3202196,,27.3,1.4,7,8.6,0.391205347523054,287.0397154505001,0.0,5.7,false,6.6,"gps","Haematopus ostralegus","5622","L918403","O_WESTERSCHELDE - Eurasian oystercatchers (Haematopus ostralegus, Haematopodidae) breeding in East Flanders (Belgium)"
14256075788,true,2018-05-25 18:17:28.000,4.2510559,51.3202431,,27.2,1.4,7,7.7,0.551445206148788,245.046581763271,0.0,6.3,false,7.8,"gps","Haematopus ostralegus","5622","L918403","O_WESTERSCHELDE - Eurasian oystercatchers (Haematopus ostralegus, Haematopodidae) breeding in East Flanders (Belgium)"
14256075789,true,2018-05-25 18:22:16.000,4.2511206,51.3202659,,27.5,2.3,6,7.7,0.566853129925888,244.624907200421,2.0,7.0,false,10.1,"gps","Haematopus ostralegus","5622","L918403","O_WESTERSCHELDE - Eurasian oystercatchers (Haematopus ostralegus, Haematopodidae) breeding in East Flanders (Belgium)"
14256075790,true,2018-05-25 18:27:04.000,4.2510905,51.3202253,,27.2,2.3,6,7.7,0.765974706337385,326.5144193878831,3.0,8.8,false,12.4,"gps","Haematopus ostralegus","5622","L918403","O_WESTERSCHELDE - Eurasian oystercatchers (Haematopus ostralegus, Haematopodidae) breeding in East Flanders (Belgium)"
14256075791,true,2018-05-25 18:31:52.000,4.2510446,51.3202587,,27.0,2.3,6,7.7,0.592095198302278,293.0291150840836,0.0,9.1,false,12.9,"gps","Haematopus ostralegus","5622","L918403","O_WESTERSCHELDE - Eurasian oystercatchers (Haematopus ostralegus, Haematopodidae) breeding in East Flanders (Belgium)"
14256075792,true,2018-05-25 18:36:40.000,4.2510938,51.3202373,,27.1,2.6,5,7.8,0.513940160010926,290.9535633641498,0.0,10.7,false,16.2,"gps","Haematopus ostralegus","5622","L918403","O_WESTERSCHELDE - Eurasian oystercatchers (Haematopus ostralegus, Haematopodidae) breeding in East Flanders (Belgium)"
14256075793,true,2018-05-25 18:41:28.000,4.2511334,51.3202347,,27.0,2.6,5,7.8,0.565389552076566,277.5606017785721,0.0,12.2,false,18.6,"gps","Haematopus ostralegus","5622","L918403","O_WESTERSCHELDE - Eurasian oystercatchers (Haematopus ostralegus, Haematopodidae) breeding in East Flanders (Belgium)"
14256075794,true,2018-05-25 18:46:17.000,4.2512188,51.3202129,,26.9,2.6,5,8.8,,,20.0,,false,,"gps","Haematopus ostralegus","5622","L918403","O_WESTERSCHELDE - Eurasian oystercatchers (Haematopus ostralegus, Haematopodidae) breeding in East Flanders (Belgium)"
14256075795,true,2018-05-25 18:51:36.000,4.2510636,51.3202318,,26.5,1.7,10,39.8,0.0357876352314779,271.3080083164819,-2.0,6.0,false,6.5,"gps","Haematopus ostralegus","5622","L918403","O_WESTERSCHELDE - Eurasian oystercatchers (Haematopus ostralegus, Haematopodidae) breeding in East Flanders (Belgium)"
14256075796,true,2018-05-25 18:56:25.000,4.2510987,51.3202353,,26.3,1.8,10,8.9,0.237608330795983,347.6548668948777,5.0,5.7,false,6.7,"gps","Haematopus ostralegus","5622","L918403","O_WESTERSCHELDE - Eurasian oystercatchers (Haematopus ostralegus, Haematopodidae) breeding in East Flanders (Belgium)"
14256075797,true,2018-05-25 19:26:17.000,4.25106,51.3202367,,24.7,2.1,10,9.1,0.128645399791185,266.657054978549,-3.0,3.2,false,7.3,"gps","Haematopus ostralegus","5622","L918403","O_WESTERSCHELDE - Eurasian oystercatchers (Haematopus ostralegus, Haematopodidae) breeding in East Flanders (Belgium)"
14256075798,true,2018-05-25 19:56:07.000,4.2510331,51.3202317,,25.3,1.8,10,7.3,0.24752157909363,279.6970605551915,-8.0,6.4,false,10.1,"gps","Haematopus ostralegus","5622","L918403","O_WESTERSCHELDE - Eurasian oystercatchers (Haematopus ostralegus, Haematopodidae) breeding in East Flanders (Belgium)"
14256075799,true,2018-05-25 20:26:00.000,4.2501107,51.3230116,,23.9,1.7,9,8.5,0.099893814411743,33.2539743835154,3.0,4.0,false,5.6,"gps","Haematopus ostralegus","5622","L918403","O_WESTERSCHELDE - Eurasian oystercatchers (Haematopus ostralegus, Haematopodidae) breeding in East Flanders (Belgium)"
14256075800,true,2018-05-25 20:55:51.000,4.2495811,51.3235371,,24.9,3.3,7,7.7,1.11278208793407,236.261871260656,0.0,7.3,false,11.1,"gps","Haematopus ostralegus","5622","L918403","O_WESTERSCHELDE - Eurasian oystercatchers (Haematopus ostralegus, Haematopodidae) breeding in East Flanders (Belgium)"
14256075801,true,2018-05-25 21:25:44.000,4.2498138,51.3235938,,26.2,1.6,8,8.9,0.102320729543924,351.5155718677348,0.0,4.4,false,4.0,"gps","Haematopus ostralegus","5622","L918403","O_WESTERSCHELDE - Eurasian oystercatchers (Haematopus ostralegus, Haematopodidae) breeding in East Flanders (Belgium)"
14256075802,true,2018-05-25 21:55:36.000,4.2514157,51.3234391,,26.1,2.1,7,9.1,0.42425177336483,278.2608331307938,88.0,16.7,false,13.8,"gps","Haematopus ostralegus","5622","L918403","O_WESTERSCHELDE - Eurasian oystercatchers (Haematopus ostralegus, Haematopodidae) breeding in East Flanders (Belgium)"
14256075803,true,2018-05-25 22:26:00.000,4.2497746,51.3235827,,27.3,1.5,11,41.3,0.0970542746308985,353.259591244563,4.0,4.2,false,4.3,"gps","Haematopus ostralegus","5622","L918403","O_WESTERSCHELDE - Eurasian oystercatchers (Haematopus ostralegus, Haematopodidae) breeding in East Flanders (Belgium)"
14256075804,true,2018-05-25 22:56:08.000,4.249779,51.3235497,,26.9,1.6,11,9.5,0.237057622423835,7.46168428076992,11.0,6.1,false,9.3,"gps","Haematopus ostralegus","5622","L918403","O_WESTERSCHELDE - Eurasian oystercatchers (Haematopus ostralegus, Haematopodidae) breeding in East Flanders (Belgium)"
14256075805,true,2018-05-25 23:25:58.000,4.2496635,51.3234093,,26.4,1.5,10,7.7,0.0583154991175178,345.0598710176809,1.0,2.6,false,4.1,"gps","Haematopus ostralegus","5622","L918403","O_WESTERSCHELDE - Eurasian oystercatchers (Haematopus ostralegus, Haematopodidae) breeding in East Flanders (Belgium)"
14256075806,true,2018-05-25 23:55:49.000,4.2497146,51.3233307,,26.6,1.6,8,6.9,0.234065870223255,226.267651507142,0.0,4.2,false,5.5,"gps","Haematopus ostralegus","5622","L918403","O_WESTERSCHELDE - Eurasian oystercatchers (Haematopus ostralegus, Haematopodidae) breeding in East Flanders (Belgium)"
14256075807,true,2018-05-26 00:25:42.000,4.2501469,51.3230086,,27.4,4.3,7,8.1,1.25795501491454,349.0313634802866,4.0,17.5,false,12.1,"gps","Haematopus ostralegus","5622","L918403","O_WESTERSCHELDE - Eurasian oystercatchers (Haematopus ostralegus, Haematopodidae) breeding in East Flanders (Belgium)"
14256075808,true,2018-05-26 00:55:33.000,4.25022,51.322927,,26.0,4.1,5,7.3,2.34879646368687,338.7334773723681,6.0,33.3,false,9.9,"gps","Haematopus ostralegus","5622","L918403","O_WESTERSCHELDE - Eurasian oystercatchers (Haematopus ostralegus, Haematopodidae) breeding in East Flanders (Belgium)"
14256075809,true,2018-05-26 01:25:36.000,4.2496092,51.3235691,,26.9,9.2,4,18.6,1.12990843087616,307.3381437442083,0.0,8.5,false,8.6,"gps","Haematopus ostralegus","5622","L918403","O_WESTERSCHELDE - Eurasian oystercatchers (Haematopus ostralegus, Haematopodidae) breeding in East Flanders (Belgium)"
14256075810,true,2018-05-26 01:56:06.000,4.2500283,51.3229847,,27.2,1.9,10,28.9,0.0713260768041294,167.118405281091,0.0,1.9,false,2.9,"gps","Haematopus ostralegus","5622","L918403","O_WESTERSCHELDE - Eurasian oystercatchers (Haematopus ostralegus, Haematopodidae) breeding in East Flanders (Belgium)"
14256075811,true,2018-05-26 02:25:56.000,4.2500848,51.323016,,27.3,1.7,9,6.9,0.0961393776359667,148.431895406843,2.0,3.2,false,5.3,"gps","Haematopus ostralegus","5622","L918403","O_WESTERSCHELDE - Eurasian oystercatchers (Haematopus ostralegus, Haematopodidae) breeding in East Flanders (Belgium)"
14256075812,true,2018-05-26 02:55:50.000,4.2494897,51.3236292,,25.8,1.7,7,9.1,0.0430703787645501,120.820261698479,9.0,3.0,false,4.3,"gps","Haematopus ostralegus","5622","L918403","O_WESTERSCHELDE - Eurasian oystercatchers (Haematopus ostralegus, Haematopodidae) breeding in East Flanders (Belgium)"
14256075813,true,2018-05-26 03:25:41.000,4.2499162,51.3218296,,26.0,3.6,5,8.3,0.55065111697968,256.315825968453,-6.0,6.6,false,6.6,"gps","Haematopus ostralegus","5622","L918403","O_WESTERSCHELDE - Eurasian oystercatchers (Haematopus ostralegus, Haematopodidae) breeding in East Flanders (Belgium)"
14256075814,true,2018-05-26 03:55:45.000,4.2500347,51.3219245,,26.5,4.8,5,8.6,0.840927801576919,316.8064501427369,3.0,9.4,false,7.6,"gps","Haematopus ostralegus","5622","L918403","O_WESTERSCHELDE - Eurasian oystercatchers (Haematopus ostralegus, Haematopodidae) breeding in East Flanders (Belgium)"
14256075815,true,2018-05-26 04:26:06.000,4.2498727,51.321547,,27.9,2.4,7,33.7,0.154507054934774,186.033301581296,0.0,3.1,false,4.4,"gps","Haematopus ostralegus","5622","L918403","O_WESTERSCHELDE - Eurasian oystercatchers (Haematopus ostralegus, Haematopodidae) breeding in East Flanders (Belgium)"
14256075816,true,2018-05-26 04:56:04.000,4.2506246,51.3209427,,26.4,2.5,7,7.9,0.286257869094856,138.229562869249,1.0,3.2,false,5.6,"gps","Haematopus ostralegus","5622","L918403","O_WESTERSCHELDE - Eurasian oystercatchers (Haematopus ostralegus, Haematopodidae) breeding in East Flanders (Belgium)"
14256075817,true,2018-05-26 05:01:07.000,4.2476023,51.3213122,,27.0,2.4,7,6.9,0.224888627743968,178.287927010102,-4.0,3.4,false,6.0,"gps","Haematopus ostralegus","5622","L918403","O_WESTERSCHELDE - Eurasian oystercatchers (Haematopus ostralegus, Haematopodidae) breeding in East Flanders (Belgium)"
14256075818,true,2018-05-26 05:05:55.000,4.2475923,51.3213021,,26.9,2.2,7,6.9,0.295813901763278,182.84984873174,0.0,3.5,false,5.8,"gps","Haematopus ostralegus","5622","L918403","O_WESTERSCHELDE - Eurasian oystercatchers (Haematopus ostralegus, Haematopodidae) breeding in East Flanders (Belgium)"
14256075819,true,2018-05-26 05:10:43.000,4.2509671,51.3204985,,26.8,2.1,7,7.0,0.246071426833452,156.348702752074,0.0,3.1,false,5.0,"gps","Haematopus ostralegus","5622","L918403","O_WESTERSCHELDE - Eurasian oystercatchers (Haematopus ostralegus, Haematopodidae) breeding in East Flanders (Belgium)"
14256075820,true,2018-05-26 05:15:31.000,4.2508455,51.3205369,,26.9,2.0,7,6.9,0.338543254588378,236.321106265677,-3.0,3.3,false,5.5,"gps","Haematopus ostralegus","5622","L918403","O_WESTERSCHELDE - Eurasian oystercatchers (Haematopus ostralegus, Haematopodidae) breeding in East Flanders (Belgium)"
14256075821,true,2018-05-26 05:20:19.000,4.2510146,51.3203555,,27.3,1.9,7,7.1,0.479920171738965,172.074954753396,-3.0,3.8,false,5.1,"gps","Haematopus ostralegus","5622","L918403","O_WESTERSCHELDE - Eurasian oystercatchers (Haematopus ostralegus, Haematopodidae) breeding in East Flanders (Belgium)"
14256075822,true,2018-05-26 05:25:08.000,4.2510568,51.3202154,,26.8,1.8,7,8.0,0.0637929146728635,283.9174222336306,-7.0,3.3,false,8.2,"gps","Haematopus ostralegus","5622","L918403","O_WESTERSCHELDE - Eurasian oystercatchers (Haematopus ostralegus, Haematopodidae) breeding in East Flanders (Belgium)"
14256075823,true,2018-05-26 05:29:57.000,4.2510672,51.3202219,,27.5,1.7,7,9.2,0.126999410156193,300.6805496748432,-3.0,3.1,false,7.6,"gps","Haematopus ostralegus","5622","L918403","O_WESTERSCHELDE - Eurasian oystercatchers (Haematopus ostralegus, Haematopodidae) breeding in East Flanders (Belgium)"
14256075824,true,2018-05-26 05:34:44.000,4.2510701,51.3202264,,28.3,1.7,7,8.1,0.237822790773312,307.9828513389329,-1.0,3.4,false,7.9,"gps","Haematopus ostralegus","5622","L918403","O_WESTERSCHELDE - Eurasian oystercatchers (Haematopus ostralegus, Haematopodidae) breeding in East Flanders (Belgium)"
14256075825,true,2018-05-26 05:39:32.000,4.25102,51.3202617,,28.5,1.6,7,8.2,0.415216856000828,329.8730644373976,-6.0,3.9,false,7.3,"gps","Haematopus ostralegus","5622","L918403","O_WESTERSCHELDE - Eurasian oystercatchers (Haematopus ostralegus, Haematopodidae) breeding in East Flanders (Belgium)"
14256075826,true,2018-05-26 05:44:20.000,4.2510254,51.3202499,,28.6,1.6,7,8.1,0.407534963725438,331.5110838153184,-8.0,3.9,false,7.2,"gps","Haematopus ostralegus","5622","L918403","O_WESTERSCHELDE - Eurasian oystercatchers (Haematopus ostralegus, Haematopodidae) breeding in East Flanders (Belgium)"
14256075827,true,2018-05-26 05:49:08.000,4.2510732,51.3202136,,29.1,1.5,7,8.3,0.658335228691388,319.1010350020508,-3.0,10.4,false,18.4,"gps","Haematopus ostralegus","5622","L918403","O_WESTERSCHELDE - Eurasian oystercatchers (Haematopus ostralegus, Haematopodidae) breeding in East Flanders (Belgium)"
14256075828,true,2018-05-26 05:53:55.000,4.2510668,51.3201887,,29.0,1.8,6,7.2,0.717620540825663,321.8223660052187,-3.0,10.2,false,16.1,"gps","Haematopus ostralegus","5622","L918403","O_WESTERSCHELDE - Eurasian oystercatchers (Haematopus ostralegus, Haematopodidae) breeding in East Flanders (Belgium)"
14256075829,true,2018-05-26 05:58:44.000,4.2510045,51.320258,,29.5,3.2,5,8.3,1.30504052712275,317.1737348573305,-8.0,18.9,false,25.2,"gps","Haematopus ostralegus","5622","L918403","O_WESTERSCHELDE - Eurasian oystercatchers (Haematopus ostralegus, Haematopodidae) breeding in East Flanders (Belgium)"
14256075830,true,2018-05-26 06:03:33.000,4.251012,51.3202529,,30.2,1.7,6,9.3,0.958476105037041,316.0745804375769,-5.0,18.1,false,21.2,"gps","Haematopus ostralegus","5622","L918403","O_WESTERSCHELDE - Eurasian oystercatchers (Haematopus ostralegus, Haematopodidae) breeding in East Flanders (Belgium)"
14256075831,true,2018-05-26 06:08:20.000,4.2510652,51.3202131,,30.1,3.2,5,8.4,1.23045941085349,320.4171668616538,-3.0,18.7,false,23.2,"gps","Haematopus ostralegus","5622","L918403","O_WESTERSCHELDE - Eurasian oystercatchers (Haematopus ostralegus, Haematopodidae) breeding in East Flanders (Belgium)"
14256075832,true,2018-05-26 06:13:07.000,4.2510706,51.3202032,,30.3,3.2,5,7.3,0.965274994687262,322.8016379582972,2.0,9.5,false,13.1,"gps","Haematopus ostralegus","5622","L918403","O_WESTERSCHELDE - Eurasian oystercatchers (Haematopus ostralegus, Haematopodidae) breeding in East Flanders (Belgium)"
14256075833,true,2018-05-26 06:17:55.000,4.2510472,51.3202094,,29.8,3.2,5,7.5,1.03400110455549,320.6500211247043,0.0,9.3,false,11.7,"gps","Haematopus ostralegus","5622","L918403","O_WESTERSCHELDE - Eurasian oystercatchers (Haematopus ostralegus, Haematopodidae) breeding in East Flanders (Belgium)"
14256075834,true,2018-05-26 06:22:43.000,4.2510394,51.3202441,,30.3,3.2,5,7.4,1.01489135784694,328.7136143546676,-3.0,5.9,false,6.1,"gps","Haematopus ostralegus","5622","L918403","O_WESTERSCHELDE - Eurasian oystercatchers (Haematopus ostralegus, Haematopodidae) breeding in East Flanders (Belgium)"
14256075835,true,2018-05-26 06:27:31.000,4.2510931,51.3202138,,32.3,3.1,5,7.5,0.989315925748006,319.0598165693298,-2.0,6.3,false,6.6,"gps","Haematopus ostralegus","5622","L918403","O_WESTERSCHELDE - Eurasian oystercatchers (Haematopus ostralegus, Haematopodidae) breeding in East Flanders (Belgium)"
14256075836,true,2018-05-26 06:32:19.000,4.2511004,51.3202113,,34.8,3.1,5,7.6,0.557628186581561,289.6872349157268,1.0,6.4,false,9.0,"gps","Haematopus ostralegus","5622","L918403","O_WESTERSCHELDE - Eurasian oystercatchers (Haematopus ostralegus, Haematopodidae) breeding in East Flanders (Belgium)"
14256075837,true,2018-05-26 06:37:09.000,4.2510024,51.320271,,35.8,3.0,5,9.6,1.35514834634578,301.4126037814934,-9.0,29.5,false,24.0,"gps","Haematopus ostralegus","5622","L918403","O_WESTERSCHELDE - Eurasian oystercatchers (Haematopus ostralegus, Haematopodidae) breeding in East Flanders (Belgium)"
14256075838,true,2018-05-26 06:41:56.000,4.2509797,51.3202301,,36.2,2.9,5,8.5,0.946703380974787,292.9376097722758,-6.0,32.6,false,29.9,"gps","Haematopus ostralegus","5622","L918403","O_WESTERSCHELDE - Eurasian oystercatchers (Haematopus ostralegus, Haematopodidae) breeding in East Flanders (Belgium)"
14256075839,true,2018-05-26 06:46:43.000,4.2510367,51.3201741,,38.1,4.8,4,7.6,0.540507434949822,242.541908663603,-5.0,12.0,false,28.0,"gps","Haematopus ostralegus","5622","L918403","O_WESTERSCHELDE - Eurasian oystercatchers (Haematopus ostralegus, Haematopodidae) breeding in East Flanders (Belgium)"
14256075840,true,2018-05-26 06:51:32.000,4.2501204,51.3218726,,36.2,4.9,4,8.7,1.01728912603677,260.6332589875647,2.0,17.6,false,22.1,"gps","Haematopus ostralegus","5622","L918403","O_WESTERSCHELDE - Eurasian oystercatchers (Haematopus ostralegus, Haematopodidae) breeding in East Flanders (Belgium)"
14256075841,true,2018-05-26 06:56:19.000,4.2476652,51.3213304,,36.2,5.0,4,7.7,0.668786458317537,261.2728507505749,0.0,9.8,false,17.1,"gps","Haematopus ostralegus","5622","L918403","O_WESTERSCHELDE - Eurasian oystercatchers (Haematopus ostralegus, Haematopodidae) breeding in East Flanders (Belgium)"
14256075842,true,2018-05-26 07:01:36.000,4.2476863,51.3213167,,40.2,1.8,8,36.6,0.115940061528303,166.179661997251,-2.0,3.9,false,4.4,"gps","Haematopus ostralegus","5622","L918403","O_WESTERSCHELDE - Eurasian oystercatchers (Haematopus ostralegus, Haematopodidae) breeding in East Flanders (Belgium)"
14256075843,true,2018-05-26 07:06:27.000,4.2476997,51.3213184,,39.5,1.9,8,7.7,0.361945305957777,58.1446621307693,-3.0,3.4,false,4.5,"gps","Haematopus ostralegus","5622","L918403","O_WESTERSCHELDE - Eurasian oystercatchers (Haematopus ostralegus, Haematopodidae) breeding in East Flanders (Belgium)"
14256075844,true,2018-05-26 07:11:14.000,4.2472882,51.3212687,,38.2,1.9,8,6.9,0.414138012638597,145.053658303477,-27.0,13.0,false,21.7,"gps","Haematopus ostralegus","5622","L918403","O_WESTERSCHELDE - Eurasian oystercatchers (Haematopus ostralegus, Haematopodidae) breeding in East Flanders (Belgium)"
14256075845,true,2018-05-26 07:16:29.000,4.2473624,51.3211383,,36.9,3.0,7,17.9,0.103140013547683,216.9901815212,-79.0,30.5,false,50.2,"gps","Haematopus ostralegus","5622","L918403","O_WESTERSCHELDE - Eurasian oystercatchers (Haematopus ostralegus, Haematopodidae) breeding in East Flanders (Belgium)"
14256075846,true,2018-05-26 07:21:36.000,4.2478211,51.3213417,,38.6,2.1,8,20.8,0.415872106871506,98.6919694486285,-3.0,3.2,false,3.8,"gps","Haematopus ostralegus","5622","L918403","O_WESTERSCHELDE - Eurasian oystercatchers (Haematopus ostralegus, Haematopodidae) breeding in East Flanders (Belgium)"
14256075847,true,2018-05-26 07:26:27.000,4.2482003,51.321334,,39.7,2.1,8,7.7,0.300789252580477,186.680457307223,-4.0,3.0,false,5.2,"gps","Haematopus ostralegus","5622","L918403","O_WESTERSCHELDE - Eurasian oystercatchers (Haematopus ostralegus, Haematopodidae) breeding in East Flanders (Belgium)"
14256075848,true,2018-05-26 07:31:15.000,4.2483209,51.3213732,,41.5,2.1,8,7.8,0.0364460348500366,145.962804264397,0.0,3.1,false,4.9,"gps","Haematopus ostralegus","5622","L918403","O_WESTERSCHELDE - Eurasian oystercatchers (Haematopus ostralegus, Haematopodidae) breeding in East Flanders (Belgium)"
14256075849,true,2018-05-26 07:36:03.000,4.2506521,51.3206336,,38.2,2.1,8,7.7,0.201140458473901,178.598704913448,-1.0,3.3,false,5.0,"gps","Haematopus ostralegus","5622","L918403","O_WESTERSCHELDE - Eurasian oystercatchers (Haematopus ostralegus, Haematopodidae) breeding in East Flanders (Belgium)"
14256075850,true,2018-05-26 07:40:51.000,4.2504421,51.3206482,,36.9,2.0,8,7.9,0.171667940926672,188.260082125828,16.0,11.3,false,17.6,"gps","Haematopus ostralegus","5622","L918403","O_WESTERSCHELDE - Eurasian oystercatchers (Haematopus ostralegus, Haematopodidae) breeding in East Flanders (Belgium)"
14256075851,true,2018-05-26 07:45:52.000,4.2499855,51.3200462,,36.8,2.0,8,9.3,0.458731584931978,185.817301873864,156.0,47.6,false,56.6,"gps","Haematopus ostralegus","5622","L918403","O_WESTERSCHELDE - Eurasian oystercatchers (Haematopus ostralegus, Haematopodidae) breeding in East Flanders (Belgium)"
14256075852,true,2018-05-26 07:50:54.000,4.2508597,51.3207584,,36.5,1.9,8,18.9,0.202612112000706,215.006308644501,66.0,29.3,false,39.8,"gps","Haematopus ostralegus","5622","L918403","O_WESTERSCHELDE - Eurasian oystercatchers (Haematopus ostralegus, Haematopodidae) breeding in East Flanders (Belgium)"
14256075853,true,2018-05-26 07:55:47.000,4.2514684,51.3204282,,36.3,1.8,8,8.1,0.146429384790375,186.922921250173,-2.0,3.5,false,5.2,"gps","Haematopus ostralegus","5622","L918403","O_WESTERSCHELDE - Eurasian oystercatchers (Haematopus ostralegus, Haematopodidae) breeding in East Flanders (Belgium)"
14256075854,true,2018-05-26 08:00:35.000,4.2514482,51.3204302,,40.3,1.7,8,8.1,0.172928649016209,183.417197963256,-2.0,6.7,false,6.0,"gps","Haematopus ostralegus","5622","L918403","O_WESTERSCHELDE - Eurasian oystercatchers (Haematopus ostralegus, Haematopodidae) breeding in East Flanders (Belgium)"
14256075855,true,2018-05-26 08:05:37.000,4.2517882,51.3202222,,43.3,1.6,8,7.8,0.564257697601256,277.2099045414234,-32.0,10.5,false,11.3,"gps","Haematopus ostralegus","5622","L918403","O_WESTERSCHELDE - Eurasian oystercatchers (Haematopus ostralegus, Haematopodidae) breeding in East Flanders (Belgium)"
14256075856,true,2018-05-26 08:10:35.000,4.2513332,51.3203264,,43.4,1.6,8,16.2,0.0139652787468318,322.1946970282446,-22.0,6.1,false,8.9,"gps","Haematopus ostralegus","5622","L918403","O_WESTERSCHELDE - Eurasian oystercatchers (Haematopus ostralegus, Haematopodidae) breeding in East Flanders (Belgium)"
14256075857,true,2018-05-26 08:15:42.000,4.2510703,51.3202234,,43.3,1.9,7,7.4,0.203599761917261,321.0392320502596,-4.0,3.6,false,5.3,"gps","Haematopus ostralegus","5622","L918403","O_WESTERSCHELDE - Eurasian oystercatchers (Haematopus ostralegus, Haematopodidae) breeding in East Flanders (Belgium)"
14256075858,true,2018-05-26 08:20:35.000,4.2510898,51.3202408,,41.8,1.8,7,8.2,0.118337175926597,328.6401824860438,-6.0,3.1,false,4.3,"gps","Haematopus ostralegus","5622","L918403","O_WESTERSCHELDE - Eurasian oystercatchers (Haematopus ostralegus, Haematopodidae) breeding in East Flanders (Belgium)"
14256075859,true,2018-05-26 08:25:35.000,4.2510744,51.320239,,41.2,1.8,7,8.4,0.141651152235267,319.3680940966048,-2.0,3.6,false,5.0,"gps","Haematopus ostralegus","5622","L918403","O_WESTERSCHELDE - Eurasian oystercatchers (Haematopus ostralegus, Haematopodidae) breeding in East Flanders (Belgium)"
14256075860,true,2018-05-26 08:30:27.000,4.2510935,51.3202321,,41.4,1.7,7,8.3,0.111317963209098,325.4904486186448,0.0,3.4,false,4.9,"gps","Haematopus ostralegus","5622","L918403","O_WESTERSCHELDE - Eurasian oystercatchers (Haematopus ostralegus, Haematopodidae) breeding in East Flanders (Belgium)"
14256075861,true,2018-05-26 08:35:27.000,4.2511081,51.3202361,,39.9,1.7,7,8.5,0.100766527848202,18.6422397541345,-3.0,3.8,false,4.4,"gps","Haematopus ostralegus","5622","L918403","O_WESTERSCHELDE - Eurasian oystercatchers (Haematopus ostralegus, Haematopodidae) breeding in East Flanders (Belgium)"
14256075862,true,2018-05-26 08:40:18.000,4.2510824,51.320229,,38.5,1.8,6,7.4,0.0974768875690258,49.0769732522926,-4.0,3.8,false,4.9,"gps","Haematopus ostralegus","5622","L918403","O_WESTERSCHELDE - Eurasian oystercatchers (Haematopus ostralegus, Haematopodidae) breeding in East Flanders (Belgium)"
14256075863,true,2018-05-26 08:45:18.000,4.2506298,51.3204223,,38.7,1.7,6,7.6,0.207009458329389,321.2727772198788,40.0,9.9,false,10.3,"gps","Haematopus ostralegus","5622","L918403","O_WESTERSCHELDE - Eurasian oystercatchers (Haematopus ostralegus, Haematopodidae) breeding in East Flanders (Belgium)"
14256075864,true,2018-05-26 08:50:11.000,4.2503406,51.3205581,,38.2,1.7,6,8.6,0.0517792179207785,310.9921131397372,89.0,14.8,false,14.2,"gps","Haematopus ostralegus","5622","L918403","O_WESTERSCHELDE - Eurasian oystercatchers (Haematopus ostralegus, Haematopodidae) breeding in East Flanders (Belgium)"
14256075865,true,2018-05-26 08:55:19.000,4.2501454,51.320613,,38.9,1.7,6,8.2,0.0856414548013298,356.11743347706056,87.0,15.3,false,14.1,"gps","Haematopus ostralegus","5622","L918403","O_WESTERSCHELDE - Eurasian oystercatchers (Haematopus ostralegus, Haematopodidae) breeding in East Flanders (Belgium)"
14256075866,true,2018-05-26 09:00:01.000,4.2501729,51.3205788,,39.2,2.0,5,6.6,0.0890937742072358,342.7063496086916,91.0,13.5,false,12.4,"gps","Haematopus ostralegus","5622","L918403","O_WESTERSCHELDE - Eurasian oystercatchers (Haematopus ostralegus, Haematopodidae) breeding in East Flanders (Belgium)"
14256075867,true,2018-05-26 09:04:51.000,4.2503122,51.3205391,,40.7,1.9,5,8.7,0.0340961112863029,166.166310172515,94.0,10.9,false,9.8,"gps","Haematopus ostralegus","5622","L918403","O_WESTERSCHELDE - Eurasian oystercatchers (Haematopus ostralegus, Haematopodidae) breeding in East Flanders (Belgium)"
14256075868,true,2018-05-26 09:09:38.000,4.2504769,51.3204961,,42.0,1.9,5,7.7,0.0789603270730551,93.9995513175592,101.0,11.7,false,10.7,"gps","Haematopus ostralegus","5622","L918403","O_WESTERSCHELDE - Eurasian oystercatchers (Haematopus ostralegus, Haematopodidae) breeding in East Flanders (Belgium)"
14256075869,true,2018-05-26 09:14:26.000,4.2503676,51.3205033,,44.9,1.8,5,7.7,0.0292966026104406,322.9402588956155,86.0,8.5,false,7.2,"gps","Haematopus ostralegus","5622","L918403","O_WESTERSCHELDE - Eurasian oystercatchers (Haematopus ostralegus, Haematopodidae) breeding in East Flanders (Belgium)"
14256075870,true,2018-05-26 09:19:14.000,4.2507484,51.3203408,,45.9,1.8,5,7.7,0.0171872592527443,97.2999523481403,44.0,5.2,false,4.4,"gps","Haematopus ostralegus","5622","L918403","O_WESTERSCHELDE - Eurasian oystercatchers (Haematopus ostralegus, Haematopodidae) breeding in East Flanders (Belgium)"
14256075871,true,2018-05-26 09:24:03.000,4.2520629,51.3199099,,45.9,1.8,5,8.4,0.176287557325577,287.2228415877862,-114.0,9.3,false,7.3,"gps","Haematopus ostralegus","5622","L918403","O_WESTERSCHELDE - Eurasian oystercatchers (Haematopus ostralegus, Haematopodidae) breeding in East Flanders (Belgium)"
14256075872,true,2018-05-26 09:28:50.000,4.2501897,51.3205085,,45.8,1.7,5,7.8,0.450877369047178,312.7320133432873,126.0,11.9,false,9.7,"gps","Haematopus ostralegus","5622","L918403","O_WESTERSCHELDE - Eurasian oystercatchers (Haematopus ostralegus, Haematopodidae) breeding in East Flanders (Belgium)"
14256075873,true,2018-05-26 09:33:38.000,4.2466231,51.3215262,,45.3,1.7,5,8.1,0.452673248699015,281.2811695030986,207.0,18.1,false,13.4,"gps","Haematopus ostralegus","5622","L918403","O_WESTERSCHELDE - Eurasian oystercatchers (Haematopus ostralegus, Haematopodidae) breeding in East Flanders (Belgium)"
14256075874,true,2018-05-26 09:38:28.000,4.2442827,51.3229356,,44.8,1.7,5,10.6,0.325868880505976,268.4262234769549,610.0,33.0,false,30.2,"gps","Haematopus ostralegus","5622","L918403","O_WESTERSCHELDE - Eurasian oystercatchers (Haematopus ostralegus, Haematopodidae) breeding in East Flanders (Belgium)"
14256075875,true,2018-05-26 09:43:16.000,4.2445336,51.3219031,,43.2,3.3,4,10.6,0.313410263466981,235.119472558438,418.0,16.5,false,10.4,"gps","Haematopus ostralegus","5622","L918403","O_WESTERSCHELDE - Eurasian oystercatchers (Haematopus ostralegus, Haematopodidae) breeding in East Flanders (Belgium)"
14256075876,true,2018-05-26 09:48:33.000,4.2482096,51.3206662,,42.2,1.4,10,38.7,0.0549436016310909,176.134636839941,-2.0,6.8,false,7.5,"gps","Haematopus ostralegus","5622","L918403","O_WESTERSCHELDE - Eurasian oystercatchers (Haematopus ostralegus, Haematopodidae) breeding in East Flanders (Belgium)"
14256075877,true,2018-05-26 09:53:21.000,4.248242,51.3206844,,43.4,1.4,10,6.8,0.149343701793751,326.2228580805349,-4.0,3.9,false,5.2,"gps","Haematopus ostralegus","5622","L918403","O_WESTERSCHELDE - Eurasian oystercatchers (Haematopus ostralegus, Haematopodidae) breeding in East Flanders (Belgium)"
14256075878,true,2018-05-26 09:58:10.000,4.2480931,51.3205005,,45.5,1.5,10,7.9,0.0234607661722044,5.43533980965904,-41.0,8.6,false,11.9,"gps","Haematopus ostralegus","5622","L918403","O_WESTERSCHELDE - Eurasian oystercatchers (Haematopus ostralegus, Haematopodidae) breeding in East Flanders (Belgium)"
14256075879,true,2018-05-26 10:03:05.000,4.2482919,51.3208019,,46.0,2.0,7,14.9,0.128104214207907,15.7444860447541,-28.0,16.8,false,24.3,"gps","Haematopus ostralegus","5622","L918403","O_WESTERSCHELDE - Eurasian oystercatchers (Haematopus ostralegus, Haematopodidae) breeding in East Flanders (Belgium)"
14256075880,true,2018-05-26 10:08:13.000,4.2501274,51.3218801,,42.4,2.3,7,18.8,0.167441174636783,326.1252434578816,3.0,4.2,false,5.8,"gps","Haematopus ostralegus","5622","L918403","O_WESTERSCHELDE - Eurasian oystercatchers (Haematopus ostralegus, Haematopodidae) breeding in East Flanders (Belgium)"
14256075881,true,2018-05-26 10:13:06.000,4.251025,51.320371,,40.9,1.8,9,7.9,0.210472279145421,43.802360966646,-4.0,3.6,false,5.0,"gps","Haematopus ostralegus","5622","L918403","O_WESTERSCHELDE - Eurasian oystercatchers (Haematopus ostralegus, Haematopodidae) breeding in East Flanders (Belgium)"
14256075882,true,2018-05-26 10:17:54.000,4.2510722,51.3203592,,41.6,1.8,9,8.0,0.370111115697719,33.6056432580339,-4.0,4.4,false,6.7,"gps","Haematopus ostralegus","5622","L918403","O_WESTERSCHELDE - Eurasian oystercatchers (Haematopus ostralegus, Haematopodidae) breeding in East Flanders (Belgium)"
14256075883,true,2018-05-26 10:22:42.000,4.251059,51.3203615,,41.4,1.9,9,8.0,0.183876048946524,219.071113698594,-2.0,4.5,false,5.5,"gps","Haematopus ostralegus","5622","L918403","O_WESTERSCHELDE - Eurasian oystercatchers (Haematopus ostralegus, Haematopodidae) breeding in East Flanders (Belgium)"
14256075884,true,2018-05-26 10:27:31.000,4.2510633,51.3203551,,40.9,1.9,9,8.9,0.0814511472805475,226.855833591727,-3.0,3.5,false,4.7,"gps","Haematopus ostralegus","5622","L918403","O_WESTERSCHELDE - Eurasian oystercatchers (Haematopus ostralegus, Haematopodidae) breeding in East Flanders (Belgium)"
14256075885,true,2018-05-26 10:32:18.000,4.2510266,51.3203732,,40.5,1.9,9,8.1,0.661065337422182,183.904092483365,0.0,5.6,false,5.7,"gps","Haematopus ostralegus","5622","L918403","O_WESTERSCHELDE - Eurasian oystercatchers (Haematopus ostralegus, Haematopodidae) breeding in East Flanders (Belgium)"
14256075886,true,2018-05-26 10:37:22.000,4.2486207,51.320984,,42.4,1.9,9,8.0,0.139216977710749,271.6650431751536,-2.0,3.4,false,4.9,"gps","Haematopus ostralegus","5622","L918403","O_WESTERSCHELDE - Eurasian oystercatchers (Haematopus ostralegus, Haematopodidae) breeding in East Flanders (Belgium)"
14256075887,true,2018-05-26 10:42:09.000,4.2486959,51.3209451,,44.7,1.9,9,7.1,0.0435268828674809,299.1641215185349,-2.0,4.5,false,6.9,"gps","Haematopus ostralegus","5622","L918403","O_WESTERSCHELDE - Eurasian oystercatchers (Haematopus ostralegus, Haematopodidae) breeding in East Flanders (Belgium)"
14256075888,true,2018-05-26 10:46:58.000,4.2436887,51.3260017,,38.0,1.8,9,8.1,13.8980920478489,121.337172007776,-2.0,4.3,false,6.1,"gps","Haematopus ostralegus","5622","L918403","O_WESTERSCHELDE - Eurasian oystercatchers (Haematopus ostralegus, Haematopodidae) breeding in East Flanders (Belgium)"
14256075889,true,2018-05-26 10:51:47.000,4.2495693,51.3234919,,24.7,2.2,8,9.3,0.539095983685753,315.1931559297268,26.0,18.2,false,25.4,"gps","Haematopus ostralegus","5622","L918403","O_WESTERSCHELDE - Eurasian oystercatchers (Haematopus ostralegus, Haematopodidae) breeding in East Flanders (Belgium)"
14256075890,true,2018-05-26 10:56:33.000,4.2497695,51.3236129,,32.9,1.7,9,7.1,0.141412488205838,200.912995136931,5.0,4.6,false,6.6,"gps","Haematopus ostralegus","5622","L918403","O_WESTERSCHELDE - Eurasian oystercatchers (Haematopus ostralegus, Haematopodidae) breeding in East Flanders (Belgium)"
14256075891,true,2018-05-26 11:01:21.000,4.2504951,51.320468,,36.7,2.4,7,7.3,4.43332498851165,333.0022990428266,41.0,16.7,false,21.2,"gps","Haematopus ostralegus","5622","L918403","O_WESTERSCHELDE - Eurasian oystercatchers (Haematopus ostralegus, Haematopodidae) breeding in East Flanders (Belgium)"
14256075892,true,2018-05-26 11:06:11.000,4.250931,51.3203934,,39.9,2.0,8,9.9,1.52631688588027,101.591717961354,7.0,62.6,false,53.8,"gps","Haematopus ostralegus","5622","L918403","O_WESTERSCHELDE - Eurasian oystercatchers (Haematopus ostralegus, Haematopodidae) breeding in East Flanders (Belgium)"
14256075893,true,2018-05-26 11:11:06.000,4.2509076,51.320386,,44.5,1.9,8,16.3,0.0351520470040312,315.2931051945739,13.0,24.4,false,36.6,"gps","Haematopus ostralegus","5622","L918403","O_WESTERSCHELDE - Eurasian oystercatchers (Haematopus ostralegus, Haematopodidae) breeding in East Flanders (Belgium)"
14256075894,true,2018-05-26 11:16:01.000,4.2508925,51.3204326,,45.6,1.9,8,7.3,0.182745803814631,171.368627950151,-7.0,5.8,false,6.2,"gps","Haematopus ostralegus","5622","L918403","O_WESTERSCHELDE - Eurasian oystercatchers (Haematopus ostralegus, Haematopodidae) breeding in East Flanders (Belgium)"
14256075895,true,2018-05-26 11:20:50.000,4.2508881,51.320411,,46.5,1.8,8,8.4,0.121716375890514,345.444136733935,0.0,4.6,false,6.1,"gps","Haematopus ostralegus","5622","L918403","O_WESTERSCHELDE - Eurasian oystercatchers (Haematopus ostralegus, Haematopodidae) breeding in East Flanders (Belgium)"
14256075896,true,2018-05-26 11:25:38.000,4.2508211,51.3207571,,48.3,2.3,7,8.2,9.36154160231359,326.3255143216245,-55.0,11.8,false,13.2,"gps","Haematopus ostralegus","5622","L918403","O_WESTERSCHELDE - Eurasian oystercatchers (Haematopus ostralegus, Haematopodidae) breeding in East Flanders (Belgium)"
14256075897,true,2018-05-26 11:30:25.000,4.2486203,51.3211506,,45.2,1.7,8,7.3,0.425582437145406,347.1419578131761,-50.0,10.8,false,12.3,"gps","Haematopus ostralegus","5622","L918403","O_WESTERSCHELDE - Eurasian oystercatchers (Haematopus ostralegus, Haematopodidae) breeding in East Flanders (Belgium)"
14256075898,true,2018-05-26 11:35:14.000,4.2484816,51.3212921,,43.8,1.8,7,8.6,1.03105100338289,116.881744053026,58.0,14.2,false,11.8,"gps","Haematopus ostralegus","5622","L918403","O_WESTERSCHELDE - Eurasian oystercatchers (Haematopus ostralegus, Haematopodidae) breeding in East Flanders (Belgium)"
14256075899,true,2018-05-26 11:40:05.000,4.2484669,51.3205878,,44.6,3.0,5,12.2,0.1881049039123,287.793770372057,-223.0,57.4,false,52.3,"gps","Haematopus ostralegus","5622","L918403","O_WESTERSCHELDE - Eurasian oystercatchers (Haematopus ostralegus, Haematopodidae) breeding in East Flanders (Belgium)"
14256075900,true,2018-05-26 11:44:53.000,4.2522956,51.3201776,,44.3,2.3,7,11.0,0.184256723595413,1.383549805228,-308.0,119.1,false,101.3,"gps","Haematopus ostralegus","5622","L918403","O_WESTERSCHELDE - Eurasian oystercatchers (Haematopus ostralegus, Haematopodidae) breeding in East Flanders (Belgium)"
14256075901,true,2018-05-26 11:49:43.000,4.2510481,51.3218705,,48.3,2.2,7,14.2,0.0518544829941569,327.7194778279497,-222.0,93.1,false,76.6,"gps","Haematopus ostralegus","5622","L918403","O_WESTERSCHELDE - Eurasian oystercatchers (Haematopus ostralegus, Haematopodidae) breeding in East Flanders (Belgium)"
14256075902,true,2018-05-26 11:54:27.000,4.2516307,51.3214313,,50.5,2.1,7,9.6,0.0673499751666573,155.026865929838,-327.0,89.1,false,52.9,"gps","Haematopus ostralegus","5622","L918403","O_WESTERSCHELDE - Eurasian oystercatchers (Haematopus ostralegus, Haematopodidae) breeding in East Flanders (Belgium)"
14256075903,true,2018-05-26 11:59:15.000,4.2515399,51.3211325,,49.5,2.0,7,10.3,0.0342924661697096,56.2294397895671,-315.0,71.8,false,51.3,"gps","Haematopus ostralegus","5622","L918403","O_WESTERSCHELDE - Eurasian oystercatchers (Haematopus ostralegus, Haematopodidae) breeding in East Flanders (Belgium)"
14256075904,true,2018-05-26 12:04:36.000,4.2510585,51.3202317,,48.5,1.6,9,42.4,0.130202365697877,64.4965265102764,-2.0,4.1,false,3.8,"gps","Haematopus ostralegus","5622","L918403","O_WESTERSCHELDE - Eurasian oystercatchers (Haematopus ostralegus, Haematopodidae) breeding in East Flanders (Belgium)"
14256075905,true,2018-05-26 12:09:21.000,4.2510424,51.3202329,,48.5,1.8,8,7.5,0.0709028548422841,62.4608409380943,-1.0,6.4,false,6.1,"gps","Haematopus ostralegus","5622","L918403","O_WESTERSCHELDE - Eurasian oystercatchers (Haematopus ostralegus, Haematopodidae) breeding in East Flanders (Belgium)"
14256075906,true,2018-05-26 12:14:26.000,4.2506376,51.3207102,,48.0,1.8,8,8.7,0.0294799834873304,121.509147878264,35.0,10.0,false,9.4,"gps","Haematopus ostralegus","5622","L918403","O_WESTERSCHELDE - Eurasian oystercatchers (Haematopus ostralegus, Haematopodidae) breeding in East Flanders (Belgium)"
14256075907,true,2018-05-26 12:19:17.000,4.2484792,51.3218546,,47.4,1.7,8,12.1,0.0681918525049342,110.344013122912,260.0,56.0,false,52.8,"gps","Haematopus ostralegus","5622","L918403","O_WESTERSCHELDE - Eurasian oystercatchers (Haematopus ostralegus, Haematopodidae) breeding in East Flanders (Belgium)"
14256075908,true,2018-05-26 12:24:01.000,4.248656,51.3227978,,46.8,1.7,8,8.1,0.180763063017995,26.6141920215122,208.0,61.1,false,46.4,"gps","Haematopus ostralegus","5622","L918403","O_WESTERSCHELDE - Eurasian oystercatchers (Haematopus ostralegus, Haematopodidae) breeding in East Flanders (Belgium)"
14256075909,true,2018-05-26 12:28:51.000,4.2475129,51.3254063,,49.7,2.1,6,10.1,0.180911938845553,163.267700129786,320.0,50.8,false,41.1,"gps","Haematopus ostralegus","5622","L918403","O_WESTERSCHELDE - Eurasian oystercatchers (Haematopus ostralegus, Haematopodidae) breeding in East Flanders (Belgium)"
14256075910,true,2018-05-26 12:34:01.000,4.2501018,51.3218734,,46.5,1.6,8,20.0,0.107961498358066,1.39390008885467,2.0,4.9,false,4.5,"gps","Haematopus ostralegus","5622","L918403","O_WESTERSCHELDE - Eurasian oystercatchers (Haematopus ostralegus, Haematopodidae) breeding in East Flanders (Belgium)"
14256075911,true,2018-05-26 12:38:58.000,4.2501361,51.3218675,,45.9,1.2,10,8.8,0.0245332712516179,74.5835546809123,1.0,5.0,false,4.8,"gps","Haematopus ostralegus","5622","L918403","O_WESTERSCHELDE - Eurasian oystercatchers (Haematopus ostralegus, Haematopodidae) breeding in East Flanders (Belgium)"
